method,train_time,accuracy,roc_auc,k
full,0.45152878761291504,0.8454746136865342,0.7808466781542155,
random_projection,0.6738648414611816,0.8421633554083885,0.7352891637735178,20.0
